candidate_id,final_score,server_timestamp
CAND_001_01_001,141.0,2026-09-15T12:00:00Z
CAND_001_01_002,105.0,2026-09-15T12:00:00Z
CAND_001_01_003,166.0,2026-09-15T12:00:00Z
CAND_001_01_004,147.0,2026-09-15T12:00:00Z
CAND_001_01_005,162.0,2026-09-15T12:00:00Z
CAND_001_01_006,150.0,2026-09-15T12:00:00Z
CAND_001_01_007,89.0,2026-09-15T12:00:00Z
CAND_001_01_008,105.0,2026-09-15T12:00:00Z
CAND_001_01_009,122.0,2026-09-15T12:00:00Z
CAND_001_01_010,121.0,2026-09-15T12:00:00Z
CAND_001_01_011,111.0,2026-09-15T12:00:00Z
CAND_001_01_012,97.0,2026-09-15T12:00:00Z
CAND_001_01_013,102.0,2026-09-15T12:00:00Z
CAND_001_01_014,87.0,2026-09-15T12:00:00Z
CAND_001_01_015,75.0,2026-09-15T12:00:00Z
CAND_001_01_016,90.0,2026-09-15T12:00:00Z
CAND_001_01_017,123.0,2026-09-15T12:00:00Z
CAND_001_01_018,116.0,2026-09-15T12:00:00Z
CAND_001_01_019,77.0,2026-09-15T12:00:00Z
CAND_001_01_020,102.0,2026-09-15T12:00:00Z
CAND_001_02_001,121.0,2026-09-15T12:00:00Z
CAND_001_02_002,56.0,2026-09-15T12:00:00Z
CAND_001_02_003,150.0,2026-09-15T12:00:00Z
CAND_001_02_004,9.0,2026-09-15T12:00:00Z
CAND_001_02_005,92.0,2026-09-15T12:00:00Z
CAND_001_02_006,121.0,2026-09-15T12:00:00Z
CAND_001_02_007,66.0,2026-09-15T12:00:00Z
CAND_001_02_008,73.0,2026-09-15T12:00:00Z
CAND_001_02_009,58.0,2026-09-15T12:00:00Z
CAND_001_02_010,57.0,2026-09-15T12:00:00Z
CAND_001_02_011,67.0,2026-09-15T12:00:00Z
CAND_001_02_012,87.0,2026-09-15T12:00:00Z
CAND_001_02_013,132.0,2026-09-15T12:00:00Z
CAND_001_02_014,78.0,2026-09-15T12:00:00Z
CAND_001_02_015,48.0,2026-09-15T12:00:00Z
CAND_001_02_016,62.0,2026-09-15T12:00:00Z
CAND_001_02_017,156.0,2026-09-15T12:00:00Z
CAND_001_02_018,122.0,2026-09-15T12:00:00Z
CAND_001_02_019,77.0,2026-09-15T12:00:00Z
CAND_001_02_020,91.0,2026-09-15T12:00:00Z
CAND_002_01_001,61.0,2026-09-15T12:00:00Z
CAND_002_01_002,9.0,2026-09-15T12:00:00Z
CAND_002_01_003,66.0,2026-09-15T12:00:00Z
CAND_002_01_004,112.0,2026-09-15T12:00:00Z
CAND_002_01_005,74.0,2026-09-15T12:00:00Z
CAND_002_01_006,126.0,2026-09-15T12:00:00Z
CAND_002_01_007,127.0,2026-09-15T12:00:00Z
CAND_002_01_008,77.0,2026-09-15T12:00:00Z
CAND_002_01_009,82.0,2026-09-15T12:00:00Z
CAND_002_01_010,47.0,2026-09-15T12:00:00Z
CAND_002_01_011,91.0,2026-09-15T12:00:00Z
CAND_002_01_012,56.0,2026-09-15T12:00:00Z
CAND_002_01_013,127.0,2026-09-15T12:00:00Z
CAND_002_01_014,49.0,2026-09-15T12:00:00Z
CAND_002_01_015,77.0,2026-09-15T12:00:00Z
CAND_002_01_016,56.0,2026-09-15T12:00:00Z
CAND_002_01_017,46.0,2026-09-15T12:00:00Z
CAND_002_01_018,70.0,2026-09-15T12:00:00Z
CAND_002_01_019,49.0,2026-09-15T12:00:00Z
CAND_002_01_020,91.0,2026-09-15T12:00:00Z
CAND_002_02_001,102.0,2026-09-15T12:00:00Z
CAND_002_02_002,101.0,2026-09-15T12:00:00Z
CAND_002_02_003,72.0,2026-09-15T12:00:00Z
CAND_002_02_004,66.0,2026-09-15T12:00:00Z
CAND_002_02_005,131.0,2026-09-15T12:00:00Z
CAND_002_02_006,109.0,2026-09-15T12:00:00Z
CAND_002_02_007,81.0,2026-09-15T12:00:00Z
CAND_002_02_008,34.0,2026-09-15T12:00:00Z
CAND_002_02_009,153.0,2026-09-15T12:00:00Z
CAND_002_02_010,110.0,2026-09-15T12:00:00Z
CAND_002_02_011,63.0,2026-09-15T12:00:00Z
CAND_002_02_012,121.0,2026-09-15T12:00:00Z
CAND_002_02_013,51.0,2026-09-15T12:00:00Z
CAND_002_02_014,176.0,2026-09-15T12:00:00Z
CAND_002_02_015,150.0,2026-09-15T12:00:00Z
CAND_002_02_016,74.0,2026-09-15T12:00:00Z
CAND_002_02_017,36.0,2026-09-15T12:00:00Z
CAND_002_02_018,156.0,2026-09-15T12:00:00Z
CAND_002_02_019,53.0,2026-09-15T12:00:00Z
CAND_002_02_020,88.0,2026-09-15T12:00:00Z
CAND_003_01_001,146.0,2026-09-15T12:00:00Z
CAND_003_01_002,185.0,2026-09-15T12:00:00Z
CAND_003_01_003,147.0,2026-09-15T12:00:00Z
CAND_003_01_004,136.0,2026-09-15T12:00:00Z
CAND_003_01_005,126.0,2026-09-15T12:00:00Z
CAND_003_01_006,151.0,2026-09-15T12:00:00Z
CAND_003_01_007,141.0,2026-09-15T12:00:00Z
CAND_003_01_008,166.0,2026-09-15T12:00:00Z
CAND_003_01_009,146.0,2026-09-15T12:00:00Z
CAND_003_01_010,170.0,2026-09-15T12:00:00Z
CAND_003_01_011,166.0,2026-09-15T12:00:00Z
CAND_003_01_012,161.0,2026-09-15T12:00:00Z
CAND_003_01_013,156.0,2026-09-15T12:00:00Z
CAND_003_01_014,160.0,2026-09-15T12:00:00Z
CAND_003_01_015,180.0,2026-09-15T12:00:00Z
CAND_003_01_016,166.0,2026-09-15T12:00:00Z
CAND_003_01_017,150.0,2026-09-15T12:00:00Z
CAND_003_01_018,170.0,2026-09-15T12:00:00Z
CAND_003_01_019,161.0,2026-09-15T12:00:00Z
CAND_003_01_020,156.0,2026-09-15T12:00:00Z
CAND_003_02_001,145.0,2026-09-15T12:00:00Z
CAND_003_02_002,176.0,2026-09-15T12:00:00Z
CAND_003_02_003,146.0,2026-09-15T12:00:00Z
CAND_003_02_004,131.0,2026-09-15T12:00:00Z
CAND_003_02_005,155.0,2026-09-15T12:00:00Z
CAND_003_02_006,141.0,2026-09-15T12:00:00Z
CAND_003_02_007,151.0,2026-09-15T12:00:00Z
CAND_003_02_008,175.0,2026-09-15T12:00:00Z
CAND_003_02_009,135.0,2026-09-15T12:00:00Z
CAND_003_02_010,161.0,2026-09-15T12:00:00Z
CAND_003_02_011,153.0,2026-09-15T12:00:00Z
CAND_003_02_012,150.0,2026-09-15T12:00:00Z
CAND_003_02_013,117.0,2026-09-15T12:00:00Z
CAND_003_02_014,143.0,2026-09-15T12:00:00Z
CAND_003_02_015,137.0,2026-09-15T12:00:00Z
CAND_003_02_016,146.0,2026-09-15T12:00:00Z
CAND_003_02_017,121.0,2026-09-15T12:00:00Z
CAND_003_02_018,175.0,2026-09-15T12:00:00Z
CAND_003_02_019,148.0,2026-09-15T12:00:00Z
CAND_003_02_020,170.0,2026-09-15T12:00:00Z
CAND_004_01_001,71.0,2026-09-15T12:00:00Z
CAND_004_01_002,155.0,2026-09-15T12:00:00Z
CAND_004_01_003,100.0,2026-09-15T12:00:00Z
CAND_004_01_004,111.0,2026-09-15T12:00:00Z
CAND_004_01_005,64.0,2026-09-15T12:00:00Z
CAND_004_01_006,141.0,2026-09-15T12:00:00Z
CAND_004_01_007,107.0,2026-09-15T12:00:00Z
CAND_004_01_008,132.0,2026-09-15T12:00:00Z
CAND_004_01_009,117.0,2026-09-15T12:00:00Z
CAND_004_01_010,66.0,2026-09-15T12:00:00Z
CAND_004_01_011,102.0,2026-09-15T12:00:00Z
CAND_004_01_012,73.0,2026-09-15T12:00:00Z
CAND_004_01_013,63.0,2026-09-15T12:00:00Z
CAND_004_01_014,113.0,2026-09-15T12:00:00Z
CAND_004_01_015,92.0,2026-09-15T12:00:00Z
CAND_004_01_016,48.0,2026-09-15T12:00:00Z
CAND_004_01_017,94.0,2026-09-15T12:00:00Z
CAND_004_01_018,76.0,2026-09-15T12:00:00Z
CAND_004_01_019,68.0,2026-09-15T12:00:00Z
CAND_004_01_020,117.0,2026-09-15T12:00:00Z
CAND_004_02_001,82.0,2026-09-15T12:00:00Z
CAND_004_02_002,132.0,2026-09-15T12:00:00Z
CAND_004_02_003,122.0,2026-09-15T12:00:00Z
CAND_004_02_004,126.0,2026-09-15T12:00:00Z
CAND_004_02_005,100.0,2026-09-15T12:00:00Z
CAND_004_02_006,107.0,2026-09-15T12:00:00Z
CAND_004_02_007,111.0,2026-09-15T12:00:00Z
CAND_004_02_008,84.0,2026-09-15T12:00:00Z
CAND_004_02_009,125.0,2026-09-15T12:00:00Z
CAND_004_02_010,76.0,2026-09-15T12:00:00Z
CAND_004_02_011,97.0,2026-09-15T12:00:00Z
CAND_004_02_012,59.0,2026-09-15T12:00:00Z
CAND_004_02_013,78.0,2026-09-15T12:00:00Z
CAND_004_02_014,125.0,2026-09-15T12:00:00Z
CAND_004_02_015,125.0,2026-09-15T12:00:00Z
CAND_004_02_016,79.0,2026-09-15T12:00:00Z
CAND_004_02_017,70.0,2026-09-15T12:00:00Z
CAND_004_02_018,92.0,2026-09-15T12:00:00Z
CAND_004_02_019,82.0,2026-09-15T12:00:00Z
CAND_004_02_020,48.0,2026-09-15T12:00:00Z
CAND_005_01_001,126.0,2026-09-15T12:00:00Z
CAND_005_01_002,136.0,2026-09-15T12:00:00Z
CAND_005_01_003,106.0,2026-09-15T12:00:00Z
CAND_005_01_004,98.0,2026-09-15T12:00:00Z
CAND_005_01_005,21.0,2026-09-15T12:00:00Z
CAND_005_01_006,145.0,2026-09-15T12:00:00Z
CAND_005_01_007,101.0,2026-09-15T12:00:00Z
CAND_005_01_008,35.0,2026-09-15T12:00:00Z
CAND_005_01_009,71.0,2026-09-15T12:00:00Z
CAND_005_01_010,91.0,2026-09-15T12:00:00Z
CAND_005_01_011,125.0,2026-09-15T12:00:00Z
CAND_005_01_012,100.0,2026-09-15T12:00:00Z
CAND_005_01_013,88.0,2026-09-15T12:00:00Z
CAND_005_01_014,132.0,2026-09-15T12:00:00Z
CAND_005_01_015,130.0,2026-09-15T12:00:00Z
CAND_005_01_016,83.0,2026-09-15T12:00:00Z
CAND_005_01_017,136.0,2026-09-15T12:00:00Z
CAND_005_01_018,70.0,2026-09-15T12:00:00Z
CAND_005_01_019,84.0,2026-09-15T12:00:00Z
CAND_005_01_020,122.0,2026-09-15T12:00:00Z
CAND_005_02_001,72.0,2026-09-15T12:00:00Z
CAND_005_02_002,38.0,2026-09-15T12:00:00Z
CAND_005_02_003,150.0,2026-09-15T12:00:00Z
CAND_005_02_004,79.0,2026-09-15T12:00:00Z
CAND_005_02_005,60.0,2026-09-15T12:00:00Z
CAND_005_02_006,70.0,2026-09-15T12:00:00Z
CAND_005_02_007,34.0,2026-09-15T12:00:00Z
CAND_005_02_008,78.0,2026-09-15T12:00:00Z
CAND_005_02_009,83.0,2026-09-15T12:00:00Z
CAND_005_02_010,122.0,2026-09-15T12:00:00Z
CAND_005_02_011,50.0,2026-09-15T12:00:00Z
CAND_005_02_012,100.0,2026-09-15T12:00:00Z
CAND_005_02_013,132.0,2026-09-15T12:00:00Z
CAND_005_02_014,87.0,2026-09-15T12:00:00Z
CAND_005_02_015,65.0,2026-09-15T12:00:00Z
CAND_005_02_016,165.0,2026-09-15T12:00:00Z
CAND_005_02_017,102.0,2026-09-15T12:00:00Z
CAND_005_02_018,135.0,2026-09-15T12:00:00Z
CAND_005_02_019,138.0,2026-09-15T12:00:00Z
CAND_005_02_020,68.0,2026-09-15T12:00:00Z
