candidate_id,centre_id,room_id,seat_number
CAND_001_01_001,CENTRE_001,R01,1
CAND_001_01_002,CENTRE_001,R01,2
CAND_001_01_003,CENTRE_001,R01,3
CAND_001_01_004,CENTRE_001,R01,4
CAND_001_01_005,CENTRE_001,R01,5
CAND_001_01_006,CENTRE_001,R01,6
CAND_001_01_007,CENTRE_001,R01,7
CAND_001_01_008,CENTRE_001,R01,8
CAND_001_01_009,CENTRE_001,R01,9
CAND_001_01_010,CENTRE_001,R01,10
CAND_001_01_011,CENTRE_001,R01,11
CAND_001_01_012,CENTRE_001,R01,12
CAND_001_01_013,CENTRE_001,R01,13
CAND_001_01_014,CENTRE_001,R01,14
CAND_001_01_015,CENTRE_001,R01,15
CAND_001_01_016,CENTRE_001,R01,16
CAND_001_01_017,CENTRE_001,R01,17
CAND_001_01_018,CENTRE_001,R01,18
CAND_001_01_019,CENTRE_001,R01,19
CAND_001_01_020,CENTRE_001,R01,20
CAND_001_02_001,CENTRE_001,R02,1
CAND_001_02_002,CENTRE_001,R02,2
CAND_001_02_003,CENTRE_001,R02,3
CAND_001_02_004,CENTRE_001,R02,4
CAND_001_02_005,CENTRE_001,R02,5
CAND_001_02_006,CENTRE_001,R02,6
CAND_001_02_007,CENTRE_001,R02,7
CAND_001_02_008,CENTRE_001,R02,8
CAND_001_02_009,CENTRE_001,R02,9
CAND_001_02_010,CENTRE_001,R02,10
CAND_001_02_011,CENTRE_001,R02,11
CAND_001_02_012,CENTRE_001,R02,12
CAND_001_02_013,CENTRE_001,R02,13
CAND_001_02_014,CENTRE_001,R02,14
CAND_001_02_015,CENTRE_001,R02,15
CAND_001_02_016,CENTRE_001,R02,16
CAND_001_02_017,CENTRE_001,R02,17
CAND_001_02_018,CENTRE_001,R02,18
CAND_001_02_019,CENTRE_001,R02,19
CAND_001_02_020,CENTRE_001,R02,20
CAND_002_01_001,CENTRE_002,R01,1
CAND_002_01_002,CENTRE_002,R01,2
CAND_002_01_003,CENTRE_002,R01,3
CAND_002_01_004,CENTRE_002,R01,4
CAND_002_01_005,CENTRE_002,R01,5
CAND_002_01_006,CENTRE_002,R01,6
CAND_002_01_007,CENTRE_002,R01,7
CAND_002_01_008,CENTRE_002,R01,8
CAND_002_01_009,CENTRE_002,R01,9
CAND_002_01_010,CENTRE_002,R01,10
CAND_002_01_011,CENTRE_002,R01,11
CAND_002_01_012,CENTRE_002,R01,12
CAND_002_01_013,CENTRE_002,R01,13
CAND_002_01_014,CENTRE_002,R01,14
CAND_002_01_015,CENTRE_002,R01,15
CAND_002_01_016,CENTRE_002,R01,16
CAND_002_01_017,CENTRE_002,R01,17
CAND_002_01_018,CENTRE_002,R01,18
CAND_002_01_019,CENTRE_002,R01,19
CAND_002_01_020,CENTRE_002,R01,20
CAND_002_02_001,CENTRE_002,R02,1
CAND_002_02_002,CENTRE_002,R02,2
CAND_002_02_003,CENTRE_002,R02,3
CAND_002_02_004,CENTRE_002,R02,4
CAND_002_02_005,CENTRE_002,R02,5
CAND_002_02_006,CENTRE_002,R02,6
CAND_002_02_007,CENTRE_002,R02,7
CAND_002_02_008,CENTRE_002,R02,8
CAND_002_02_009,CENTRE_002,R02,9
CAND_002_02_010,CENTRE_002,R02,10
CAND_002_02_011,CENTRE_002,R02,11
CAND_002_02_012,CENTRE_002,R02,12
CAND_002_02_013,CENTRE_002,R02,13
CAND_002_02_014,CENTRE_002,R02,14
CAND_002_02_015,CENTRE_002,R02,15
CAND_002_02_016,CENTRE_002,R02,16
CAND_002_02_017,CENTRE_002,R02,17
CAND_002_02_018,CENTRE_002,R02,18
CAND_002_02_019,CENTRE_002,R02,19
CAND_002_02_020,CENTRE_002,R02,20
CAND_003_01_001,CENTRE_003,R01,1
CAND_003_01_002,CENTRE_003,R01,2
CAND_003_01_003,CENTRE_003,R01,3
CAND_003_01_004,CENTRE_003,R01,4
CAND_003_01_005,CENTRE_003,R01,5
CAND_003_01_006,CENTRE_003,R01,6
CAND_003_01_007,CENTRE_003,R01,7
CAND_003_01_008,CENTRE_003,R01,8
CAND_003_01_009,CENTRE_003,R01,9
CAND_003_01_010,CENTRE_003,R01,10
CAND_003_01_011,CENTRE_003,R01,11
CAND_003_01_012,CENTRE_003,R01,12
CAND_003_01_013,CENTRE_003,R01,13
CAND_003_01_014,CENTRE_003,R01,14
CAND_003_01_015,CENTRE_003,R01,15
CAND_003_01_016,CENTRE_003,R01,16
CAND_003_01_017,CENTRE_003,R01,17
CAND_003_01_018,CENTRE_003,R01,18
CAND_003_01_019,CENTRE_003,R01,19
CAND_003_01_020,CENTRE_003,R01,20
CAND_003_02_001,CENTRE_003,R02,1
CAND_003_02_002,CENTRE_003,R02,2
CAND_003_02_003,CENTRE_003,R02,3
CAND_003_02_004,CENTRE_003,R02,4
CAND_003_02_005,CENTRE_003,R02,5
CAND_003_02_006,CENTRE_003,R02,6
CAND_003_02_007,CENTRE_003,R02,7
CAND_003_02_008,CENTRE_003,R02,8
CAND_003_02_009,CENTRE_003,R02,9
CAND_003_02_010,CENTRE_003,R02,10
CAND_003_02_011,CENTRE_003,R02,11
CAND_003_02_012,CENTRE_003,R02,12
CAND_003_02_013,CENTRE_003,R02,13
CAND_003_02_014,CENTRE_003,R02,14
CAND_003_02_015,CENTRE_003,R02,15
CAND_003_02_016,CENTRE_003,R02,16
CAND_003_02_017,CENTRE_003,R02,17
CAND_003_02_018,CENTRE_003,R02,18
CAND_003_02_019,CENTRE_003,R02,19
CAND_003_02_020,CENTRE_003,R02,20
CAND_004_01_001,CENTRE_004,R01,1
CAND_004_01_002,CENTRE_004,R01,2
CAND_004_01_003,CENTRE_004,R01,3
CAND_004_01_004,CENTRE_004,R01,4
CAND_004_01_005,CENTRE_004,R01,5
CAND_004_01_006,CENTRE_004,R01,6
CAND_004_01_007,CENTRE_004,R01,7
CAND_004_01_008,CENTRE_004,R01,8
CAND_004_01_009,CENTRE_004,R01,9
CAND_004_01_010,CENTRE_004,R01,10
CAND_004_01_011,CENTRE_004,R01,11
CAND_004_01_012,CENTRE_004,R01,12
CAND_004_01_013,CENTRE_004,R01,13
CAND_004_01_014,CENTRE_004,R01,14
CAND_004_01_015,CENTRE_004,R01,15
CAND_004_01_016,CENTRE_004,R01,16
CAND_004_01_017,CENTRE_004,R01,17
CAND_004_01_018,CENTRE_004,R01,18
CAND_004_01_019,CENTRE_004,R01,19
CAND_004_01_020,CENTRE_004,R01,20
CAND_004_02_001,CENTRE_004,R02,1
CAND_004_02_002,CENTRE_004,R02,2
CAND_004_02_003,CENTRE_004,R02,3
CAND_004_02_004,CENTRE_004,R02,4
CAND_004_02_005,CENTRE_004,R02,5
CAND_004_02_006,CENTRE_004,R02,6
CAND_004_02_007,CENTRE_004,R02,7
CAND_004_02_008,CENTRE_004,R02,8
CAND_004_02_009,CENTRE_004,R02,9
CAND_004_02_010,CENTRE_004,R02,10
CAND_004_02_011,CENTRE_004,R02,11
CAND_004_02_012,CENTRE_004,R02,12
CAND_004_02_013,CENTRE_004,R02,13
CAND_004_02_014,CENTRE_004,R02,14
CAND_004_02_015,CENTRE_004,R02,15
CAND_004_02_016,CENTRE_004,R02,16
CAND_004_02_017,CENTRE_004,R02,17
CAND_004_02_018,CENTRE_004,R02,18
CAND_004_02_019,CENTRE_004,R02,19
CAND_004_02_020,CENTRE_004,R02,20
CAND_005_01_001,CENTRE_005,R01,1
CAND_005_01_002,CENTRE_005,R01,2
CAND_005_01_003,CENTRE_005,R01,3
CAND_005_01_004,CENTRE_005,R01,4
CAND_005_01_005,CENTRE_005,R01,5
CAND_005_01_006,CENTRE_005,R01,6
CAND_005_01_007,CENTRE_005,R01,7
CAND_005_01_008,CENTRE_005,R01,8
CAND_005_01_009,CENTRE_005,R01,9
CAND_005_01_010,CENTRE_005,R01,10
CAND_005_01_011,CENTRE_005,R01,11
CAND_005_01_012,CENTRE_005,R01,12
CAND_005_01_013,CENTRE_005,R01,13
CAND_005_01_014,CENTRE_005,R01,14
CAND_005_01_015,CENTRE_005,R01,15
CAND_005_01_016,CENTRE_005,R01,16
CAND_005_01_017,CENTRE_005,R01,17
CAND_005_01_018,CENTRE_005,R01,18
CAND_005_01_019,CENTRE_005,R01,19
CAND_005_01_020,CENTRE_005,R01,20
CAND_005_02_001,CENTRE_005,R02,1
CAND_005_02_002,CENTRE_005,R02,2
CAND_005_02_003,CENTRE_005,R02,3
CAND_005_02_004,CENTRE_005,R02,4
CAND_005_02_005,CENTRE_005,R02,5
CAND_005_02_006,CENTRE_005,R02,6
CAND_005_02_007,CENTRE_005,R02,7
CAND_005_02_008,CENTRE_005,R02,8
CAND_005_02_009,CENTRE_005,R02,9
CAND_005_02_010,CENTRE_005,R02,10
CAND_005_02_011,CENTRE_005,R02,11
CAND_005_02_012,CENTRE_005,R02,12
CAND_005_02_013,CENTRE_005,R02,13
CAND_005_02_014,CENTRE_005,R02,14
CAND_005_02_015,CENTRE_005,R02,15
CAND_005_02_016,CENTRE_005,R02,16
CAND_005_02_017,CENTRE_005,R02,17
CAND_005_02_018,CENTRE_005,R02,18
CAND_005_02_019,CENTRE_005,R02,19
CAND_005_02_020,CENTRE_005,R02,20
